"filename", "language", "Python", "comment", "blank", "total"
"c:\Users\valera\Documents\Projects\Python\format-converter\src\formatconverter\__init__.py", "Python", 0, 0, -1, -1
"c:\Users\valera\Documents\Projects\Python\format-converter\src\formatconverter\__main__.py", "Python", -2, 0, -1, -3
"c:\Users\valera\Documents\Projects\Python\format-converter\src\formatconverter\application\application.py", "Python", -12, 0, -5, -17
"c:\Users\valera\Documents\Projects\Python\format-converter\src\formatconverter\application\experiment_mode.py", "Python", -3, 0, -2, -5
"c:\Users\valera\Documents\Projects\Python\format-converter\src\formatconverter\application\standard_mode.py", "Python", -60, 0, -11, -71
"c:\Users\valera\Documents\Projects\Python\format-converter\src\formatconverter\application\test_mode.py", "Python", -3, 0, -3, -6
"c:\Users\valera\Documents\Projects\Python\format-converter\src\formatconverter\cli.py", "Python", -64, 0, -11, -75
"c:\Users\valera\Documents\Projects\Python\format-converter\src\formatconverter\code_generators\__init__.py", "Python", -4, 0, -1, -5
"c:\Users\valera\Documents\Projects\Python\format-converter\src\formatconverter\code_generators\base_code_generator.py", "Python", -5, 0, -3, -8
"c:\Users\valera\Documents\Projects\Python\format-converter\src\formatconverter\code_generators\latex_code_generator.py", "Python", -5, -1, -3, -9
"c:\Users\valera\Documents\Projects\Python\format-converter\src\formatconverter\code_generators\markdown_code_generator.py", "Python", -99, 0, -40, -139
"c:\Users\valera\Documents\Projects\Python\format-converter\src\formatconverter\convert.py", "Python", -6, 0, -4, -10
"c:\Users\valera\Documents\Projects\Python\format-converter\src\formatconverter\enums\__init__.py", "Python", -5, 0, -1, -6
"c:\Users\valera\Documents\Projects\Python\format-converter\src\formatconverter\enums\convert_mode.py", "Python", -4, 0, -2, -6
"c:\Users\valera\Documents\Projects\Python\format-converter\src\formatconverter\enums\langs.py", "Python", -4, 0, -2, -6
"c:\Users\valera\Documents\Projects\Python\format-converter\src\formatconverter\enums\line_type.py", "Python", -6, 0, -2, -8
"c:\Users\valera\Documents\Projects\Python\format-converter\src\formatconverter\enums\work_mode.py", "Python", -5, 0, -2, -7
"c:\Users\valera\Documents\Projects\Python\format-converter\src\formatconverter\experiments.py", "Python", -12, 0, -1, -13
"c:\Users\valera\Documents\Projects\Python\format-converter\src\formatconverter\file_system.py", "Python", -33, 0, -12, -45
"c:\Users\valera\Documents\Projects\Python\format-converter\src\formatconverter\nodes\__init__.py", "Python", -28, 0, -1, -29
"c:\Users\valera\Documents\Projects\Python\format-converter\src\formatconverter\nodes\base_node.py", "Python", -5, 0, -2, -7
"c:\Users\valera\Documents\Projects\Python\format-converter\src\formatconverter\nodes\code_node.py", "Python", -6, 0, -3, -9
"c:\Users\valera\Documents\Projects\Python\format-converter\src\formatconverter\nodes\document_node.py", "Python", -6, 0, -3, -9
"c:\Users\valera\Documents\Projects\Python\format-converter\src\formatconverter\nodes\environment_node.py", "Python", -5, 0, -3, -8
"c:\Users\valera\Documents\Projects\Python\format-converter\src\formatconverter\nodes\general_node.py", "Python", -5, 0, -3, -8
"c:\Users\valera\Documents\Projects\Python\format-converter\src\formatconverter\nodes\header_node.py", "Python", -7, 0, -3, -10
"c:\Users\valera\Documents\Projects\Python\format-converter\src\formatconverter\nodes\image_node.py", "Python", -6, 0, -3, -9
"c:\Users\valera\Documents\Projects\Python\format-converter\src\formatconverter\nodes\latex_command_node.py", "Python", -5, 0, -3, -8
"c:\Users\valera\Documents\Projects\Python\format-converter\src\formatconverter\nodes\list_item_node.py", "Python", -6, 0, -3, -9
"c:\Users\valera\Documents\Projects\Python\format-converter\src\formatconverter\nodes\list_node.py", "Python", -7, 0, -3, -10
"c:\Users\valera\Documents\Projects\Python\format-converter\src\formatconverter\nodes\markup_text_node.py", "Python", -5, 0, -3, -8
"c:\Users\valera\Documents\Projects\Python\format-converter\src\formatconverter\nodes\table_node.py", "Python", -5, 0, -3, -8
"c:\Users\valera\Documents\Projects\Python\format-converter\src\formatconverter\nodes\text_node.py", "Python", -5, 0, -3, -8
"c:\Users\valera\Documents\Projects\Python\format-converter\src\formatconverter\objects\__init__.py", "Python", -3, 0, -2, -5
"c:\Users\valera\Documents\Projects\Python\format-converter\src\formatconverter\objects\dataclasses.py", "Python", -28, 0, -9, -37
"c:\Users\valera\Documents\Projects\Python\format-converter\src\formatconverter\objects\types.py", "Python", -1, 0, 0, -1
"c:\Users\valera\Documents\Projects\Python\format-converter\src\formatconverter\parsers\__init__.py", "Python", -4, 0, -1, -5
"c:\Users\valera\Documents\Projects\Python\format-converter\src\formatconverter\parsers\base_parser.py", "Python", -5, 0, -3, -8
"c:\Users\valera\Documents\Projects\Python\format-converter\src\formatconverter\parsers\latex_parser\block_parser.py", "Python", -15, 0, -6, -21
"c:\Users\valera\Documents\Projects\Python\format-converter\src\formatconverter\parsers\latex_parser\block_parsers\__init__.py", "Python", -6, 0, -1, -7
"c:\Users\valera\Documents\Projects\Python\format-converter\src\formatconverter\parsers\latex_parser\block_parsers\base_block_parser.py", "Python", -11, 0, -4, -15
"c:\Users\valera\Documents\Projects\Python\format-converter\src\formatconverter\parsers\latex_parser\block_parsers\command_parser.py", "Python", -30, 0, -13, -43
"c:\Users\valera\Documents\Projects\Python\format-converter\src\formatconverter\parsers\latex_parser\block_parsers\environment_parser.py", "Python", -61, 0, -32, -93
"c:\Users\valera\Documents\Projects\Python\format-converter\src\formatconverter\parsers\latex_parser\block_parsers\markup_text_parser.py", "Python", -90, 0, -26, -116
"c:\Users\valera\Documents\Projects\Python\format-converter\src\formatconverter\parsers\latex_parser\block_parsers\text_parser.py", "Python", -6, 0, -5, -11
"c:\Users\valera\Documents\Projects\Python\format-converter\src\formatconverter\parsers\latex_parser\blocker.py", "Python", -69, 0, -22, -91
"c:\Users\valera\Documents\Projects\Python\format-converter\src\formatconverter\parsers\latex_parser\parser.py", "Python", -18, 0, -8, -26
"c:\Users\valera\Documents\Projects\Python\format-converter\src\formatconverter\parsers\markdown_parser.py", "Python", -5, -1, -3, -9
"c:\Users\valera\Documents\Projects\Python\format-converter\tests\test_file_system.py", "Python", 98, 0, 20, 118
"c:\Users\valera\Documents\Projects\Python\format-converter\tests\test_latex_parser\test_command_block_parser.py", "Python", 40, 1, 6, 47
"c:\Users\valera\Documents\Projects\Python\format-converter\tests\test_latex_parser\test_environment_block_parser.py", "Python", 318, 0, 12, 330
"c:\Users\valera\Documents\Projects\Python\format-converter\tests\test_latex_parser\test_markup_text_block_parser.py", "Python", 95, 0, 6, 101
"c:\Users\valera\Documents\Projects\Python\format-converter\tests\test_latex_parser\test_text_block_parser.py", "Python", 43, 0, 6, 49
"Total", "-", -191, -1, -231, -423